Workbook

Sheet حساب الليميت
A1: حاسبة ليميت العملاء
A2: الخانات الصفراء = إدخال يدوي | الباقي محسوب أوتوماتيك | عمود (التعديل اليدوي) اكتب فيه + للزيادة أو - للنقص عن ليميت السيستم
A4: # | B4: اسم العميل | C4: السن | D4: الوظيفة | E4: بروفايل الوظيفة | F4: المرتب الشهري | G4: عنده عربية؟ | H4: موديل العربية | I4: عضو نادي؟ | J4: إجمالي المديونية (I-Score) | K4: الأقساط الشهرية الحالية | L4: عدد الـ Facilities | M4: نوع الـ Facility المطلوب | N4: الليميت الأساسي | O4: زيادة الوظيفة | P4: زيادة العربية | Q4: زيادة النادي | R4: ليميت السيستم | S4: القسط المتوقع | T4: نسبة الأقساط DBR | U4: السن مقبول؟ | V4: القرار | W4: التعديل اليدوي (+/-) | X4: الليميت النهائي | Y4: ملاحظات
A5: 1 | B5: أحمد محمد | C5: 32 | D5: مهندس | E5: High | F5: 45000 | G5: نعم | H5: 2022 | I5: نعم | J5: 120000 | K5: 6000 | L5: 2 | M5: Loan | N5: =IF(F5="","",F5*الإعدادات!$B$4) -> 225000 | O5: =IF(F5="","",IF(E5="High",الإعدادات!$B$5,IF(E5="Medium",الإعدادات!$B$6,الإعدادات!$B$7))) -> 20000 | P5: =IF(F5="","",IF(AND(G5="نعم",N(H5)>=الإعدادات!$B$8),الإعدادات!$B$9,0)) -> 20000 | Q5: =IF(F5="","",IF(I5="نعم",الإعدادات!$B$10,0)) -> 20000 | R5: =IF(F5="","",N5+O5+P5+Q5) -> 285000 | S5: =IF(F5="","",IF(M5="Credit Card",MAX(0,R5+N(W5))*الإعدادات!$B$16,MAX(0,R5+N(W5))/الإعدادات!$B$15)) -> 4750 | T5: =IF(OR(F5="",N(F5)=0),"",(N(K5)+S5)/F5) -> 0.23888889 | U5: =IF(C5="","",IF(AND(C5>=الإعدادات!$B$12,C5<=الإعدادات!$B$13),"نعم","لا")) -> نعم | V5: =IF(F5="","",IF(U5="لا","مرفوض - السن",IF(N(K5)/F5>الإعدادات!$B$11,"مرفوض - DBR",IF(N(L5)>الإعدادات!$B$14,"مراجعة - Facilities",IF(T5>الإعدادات!$B$11,"مقبول - قلّل الليميت","مقبول"))))) -> مقبول | W5: 0 | X5: =IF(F5="","",IF(LEFT(V5,5)="مرفوض",0,MAX(0,R5+N(W5)))) -> 285000
A6: 2 | B6: سارة علي | C6: 28 | D6: محاسبة | E6: Medium | F6: 20000 | G6: لا | I6: لا | J6: 30000 | K6: 2500 | L6: 1 | M6: Credit Card | N6: =IF(F6="","",F6*الإعدادات!$B$4) -> 100000 | O6: =IF(F6="","",IF(E6="High",الإعدادات!$B$5,IF(E6="Medium",الإعدادات!$B$6,الإعدادات!$B$7))) -> 10000 | P6: =IF(F6="","",IF(AND(G6="نعم",N(H6)>=الإعدادات!$B$8),الإعدادات!$B$9,0)) -> 0 | Q6: =IF(F6="","",IF(I6="نعم",الإعدادات!$B$10,0)) -> 0 | R6: =IF(F6="","",N6+O6+P6+Q6) -> 110000 | S6: =IF(F6="","",IF(M6="Credit Card",MAX(0,R6+N(W6))*الإعدادات!$B$16,MAX(0,R6+N(W6))/الإعدادات!$B$15)) -> 5000 | T6: =IF(OR(F6="",N(F6)=0),"",(N(K6)+S6)/F6) -> 0.375 | U6: =IF(C6="","",IF(AND(C6>=الإعدادات!$B$12,C6<=الإعدادات!$B$13),"نعم","لا")) -> نعم | V6: =IF(F6="","",IF(U6="لا","مرفوض - السن",IF(N(K6)/F6>الإعدادات!$B$11,"مرفوض - DBR",IF(N(L6)>الإعدادات!$B$14,"مراجعة - Facilities",IF(T6>الإعدادات!$B$11,"مقبول - قلّل الليميت","مقبول"))))) -> مقبول | W6: -10000 | X6: =IF(F6="","",IF(LEFT(V6,5)="مرفوض",0,MAX(0,R6+N(W6)))) -> 100000 | Y6: خفّضت الليميت
A7: 3 | B7: محمود حسن | C7: 45 | D7: موظف إداري | E7: Low | F7: 12000 | G7: نعم | H7: 2018 | I7: نعم | J7: 80000 | K7: 4500 | L7: 3 | M7: Loan | N7: =IF(F7="","",F7*الإعدادات!$B$4) -> 60000 | O7: =IF(F7="","",IF(E7="High",الإعدادات!$B$5,IF(E7="Medium",الإعدادات!$B$6,الإعدادات!$B$7))) -> 0 | P7: =IF(F7="","",IF(AND(G7="نعم",N(H7)>=الإعدادات!$B$8),الإعدادات!$B$9,0)) -> 0 | Q7: =IF(F7="","",IF(I7="نعم",الإعدادات!$B$10,0)) -> 20000 | R7: =IF(F7="","",N7+O7+P7+Q7) -> 80000 | S7: =IF(F7="","",IF(M7="Credit Card",MAX(0,R7+N(W7))*الإعدادات!$B$16,MAX(0,R7+N(W7))/الإعدادات!$B$15)) -> 1333.3333 | T7: =IF(OR(F7="",N(F7)=0),"",(N(K7)+S7)/F7) -> 0.48611111 | U7: =IF(C7="","",IF(AND(C7>=الإعدادات!$B$12,C7<=الإعدادات!$B$13),"نعم","لا")) -> نعم | V7: =IF(F7="","",IF(U7="لا","مرفوض - السن",IF(N(K7)/F7>الإعدادات!$B$11,"مرفوض - DBR",IF(N(L7)>الإعدادات!$B$14,"مراجعة - Facilities",IF(T7>الإعدادات!$B$11,"مقبول - قلّل الليميت","مقبول"))))) -> مقبول | W7: 0 | X7: =IF(F7="","",IF(LEFT(V7,5)="مرفوض",0,MAX(0,R7+N(W7)))) -> 80000
A8: 4 | N8: =IF(F8="","",F8*الإعدادات!$B$4) | O8: =IF(F8="","",IF(E8="High",الإعدادات!$B$5,IF(E8="Medium",الإعدادات!$B$6,الإعدادات!$B$7))) | P8: =IF(F8="","",IF(AND(G8="نعم",N(H8)>=الإعدادات!$B$8),الإعدادات!$B$9,0)) | Q8: =IF(F8="","",IF(I8="نعم",الإعدادات!$B$10,0)) | R8: =IF(F8="","",N8+O8+P8+Q8) | S8: =IF(F8="","",IF(M8="Credit Card",MAX(0,R8+N(W8))*الإعدادات!$B$16,MAX(0,R8+N(W8))/الإعدادات!$B$15)) | T8: =IF(OR(F8="",N(F8)=0),"",(N(K8)+S8)/F8) | U8: =IF(C8="","",IF(AND(C8>=الإعدادات!$B$12,C8<=الإعدادات!$B$13),"نعم","لا")) | V8: =IF(F8="","",IF(U8="لا","مرفوض - السن",IF(N(K8)/F8>الإعدادات!$B$11,"مرفوض - DBR",IF(N(L8)>الإعدادات!$B$14,"مراجعة - Facilities",IF(T8>الإعدادات!$B$11,"مقبول - قلّل الليميت","مقبول"))))) | X8: =IF(F8="","",IF(LEFT(V8,5)="مرفوض",0,MAX(0,R8+N(W8))))
A9: 5 | N9: =IF(F9="","",F9*الإعدادات!$B$4) | O9: =IF(F9="","",IF(E9="High",الإعدادات!$B$5,IF(E9="Medium",الإعدادات!$B$6,الإعدادات!$B$7))) | P9: =IF(F9="","",IF(AND(G9="نعم",N(H9)>=الإعدادات!$B$8),الإعدادات!$B$9,0)) | Q9: =IF(F9="","",IF(I9="نعم",الإعدادات!$B$10,0)) | R9: =IF(F9="","",N9+O9+P9+Q9) | S9: =IF(F9="","",IF(M9="Credit Card",MAX(0,R9+N(W9))*الإعدادات!$B$16,MAX(0,R9+N(W9))/الإعدادات!$B$15)) | T9: =IF(OR(F9="",N(F9)=0),"",(N(K9)+S9)/F9) | U9: =IF(C9="","",IF(AND(C9>=الإعدادات!$B$12,C9<=الإعدادات!$B$13),"نعم","لا")) | V9: =IF(F9="","",IF(U9="لا","مرفوض - السن",IF(N(K9)/F9>الإعدادات!$B$11,"مرفوض - DBR",IF(N(L9)>الإعدادات!$B$14,"مراجعة - Facilities",IF(T9>الإعدادات!$B$11,"مقبول - قلّل الليميت","مقبول"))))) | X9: =IF(F9="","",IF(LEFT(V9,5)="مرفوض",0,MAX(0,R9+N(W9))))
A10: 6 | N10: =IF(F10="","",F10*الإعدادات!$B$4) | O10: =IF(F10="","",IF(E10="High",الإعدادات!$B$5,IF(E10="Medium",الإعدادات!$B$6,الإعدادات!$B$7))) | P10: =IF(F10="","",IF(AND(G10="نعم",N(H10)>=الإعدادات!$B$8),الإعدادات!$B$9,0)) | Q10: =IF(F10="","",IF(I10="نعم",الإعدادات!$B$10,0)) | R10: =IF(F10="","",N10+O10+P10+Q10) | S10: =IF(F10="","",IF(M10="Credit Card",MAX(0,R10+N(W10))*الإعدادات!$B$16,MAX(0,R10+N(W10))/الإعدادات!$B$15)) | T10: =IF(OR(F10="",N(F10)=0),"",(N(K10)+S10)/F10) | U10: =IF(C10="","",IF(AND(C10>=الإعدادات!$B$12,C10<=الإعدادات!$B$13),"نعم","لا")) | V10: =IF(F10="","",IF(U10="لا","مرفوض - السن",IF(N(K10)/F10>الإعدادات!$B$11,"مرفوض - DBR",IF(N(L10)>الإعدادات!$B$14,"مراجعة - Facilities",IF(T10>الإعدادات!$B$11,"مقبول - قلّل الليميت","مقبول"))))) | X10: =IF(F10="","",IF(LEFT(V10,5)="مرفوض",0,MAX(0,R10+N(W10))))
A11: 7 | N11: =IF(F11="","",F11*الإعدادات!$B$4) | O11: =IF(F11="","",IF(E11="High",الإعدادات!$B$5,IF(E11="Medium",الإعدادات!$B$6,الإعدادات!$B$7))) | P11: =IF(F11="","",IF(AND(G11="نعم",N(H11)>=الإعدادات!$B$8),الإعدادات!$B$9,0)) | Q11: =IF(F11="","",IF(I11="نعم",الإعدادات!$B$10,0)) | R11: =IF(F11="","",N11+O11+P11+Q11) | S11: =IF(F11="","",IF(M11="Credit Card",MAX(0,R11+N(W11))*الإعدادات!$B$16,MAX(0,R11+N(W11))/الإعدادات!$B$15)) | T11: =IF(OR(F11="",N(F11)=0),"",(N(K11)+S11)/F11) | U11: =IF(C11="","",IF(AND(C11>=الإعدادات!$B$12,C11<=الإعدادات!$B$13),"نعم","لا")) | V11: =IF(F11="","",IF(U11="لا","مرفوض - السن",IF(N(K11)/F11>الإعدادات!$B$11,"مرفوض - DBR",IF(N(L11)>الإعدادات!$B$14,"مراجعة - Facilities",IF(T11>الإعدادات!$B$11,"مقبول - قلّل الليميت","مقبول"))))) | X11: =IF(F11="","",IF(LEFT(V11,5)="مرفوض",0,MAX(0,R11+N(W11))))
A12: 8 | N12: =IF(F12="","",F12*الإعدادات!$B$4) | O12: =IF(F12="","",IF(E12="High",الإعدادات!$B$5,IF(E12="Medium",الإعدادات!$B$6,الإعدادات!$B$7))) | P12: =IF(F12="","",IF(AND(G12="نعم",N(H12)>=الإعدادات!$B$8),الإعدادات!$B$9,0)) | Q12: =IF(F12="","",IF(I12="نعم",الإعدادات!$B$10,0)) | R12: =IF(F12="","",N12+O12+P12+Q12) | S12: =IF(F12="","",IF(M12="Credit Card",MAX(0,R12+N(W12))*الإعدادات!$B$16,MAX(0,R12+N(W12))/الإعدادات!$B$15)) | T12: =IF(OR(F12="",N(F12)=0),"",(N(K12)+S12)/F12) | U12: =IF(C12="","",IF(AND(C12>=الإعدادات!$B$12,C12<=الإعدادات!$B$13),"نعم","لا")) | V12: =IF(F12="","",IF(U12="لا","مرفوض - السن",IF(N(K12)/F12>الإعدادات!$B$11,"مرفوض - DBR",IF(N(L12)>الإعدادات!$B$14,"مراجعة - Facilities",IF(T12>الإعدادات!$B$11,"مقبول - قلّل الليميت","مقبول"))))) | X12: =IF(F12="","",IF(LEFT(V12,5)="مرفوض",0,MAX(0,R12+N(W12))))
A13: 9 | N13: =IF(F13="","",F13*الإعدادات!$B$4) | O13: =IF(F13="","",IF(E13="High",الإعدادات!$B$5,IF(E13="Medium",الإعدادات!$B$6,الإعدادات!$B$7))) | P13: =IF(F13="","",IF(AND(G13="نعم",N(H13)>=الإعدادات!$B$8),الإعدادات!$B$9,0)) | Q13: =IF(F13="","",IF(I13="نعم",الإعدادات!$B$10,0)) | R13: =IF(F13="","",N13+O13+P13+Q13) | S13: =IF(F13="","",IF(M13="Credit Card",MAX(0,R13+N(W13))*الإعدادات!$B$16,MAX(0,R13+N(W13))/الإعدادات!$B$15)) | T13: =IF(OR(F13="",N(F13)=0),"",(N(K13)+S13)/F13) | U13: =IF(C13="","",IF(AND(C13>=الإعدادات!$B$12,C13<=الإعدادات!$B$13),"نعم","لا")) | V13: =IF(F13="","",IF(U13="لا","مرفوض - السن",IF(N(K13)/F13>الإعدادات!$B$11,"مرفوض - DBR",IF(N(L13)>الإعدادات!$B$14,"مراجعة - Facilities",IF(T13>الإعدادات!$B$11,"مقبول - قلّل الليميت","مقبول"))))) | X13: =IF(F13="","",IF(LEFT(V13,5)="مرفوض",0,MAX(0,R13+N(W13))))
A14: 10 | N14: =IF(F14="","",F14*الإعدادات!$B$4) | O14: =IF(F14="","",IF(E14="High",الإعدادات!$B$5,IF(E14="Medium",الإعدادات!$B$6,الإعدادات!$B$7))) | P14: =IF(F14="","",IF(AND(G14="نعم",N(H14)>=الإعدادات!$B$8),الإعدادات!$B$9,0)) | Q14: =IF(F14="","",IF(I14="نعم",الإعدادات!$B$10,0)) | R14: =IF(F14="","",N14+O14+P14+Q14) | S14: =IF(F14="","",IF(M14="Credit Card",MAX(0,R14+N(W14))*الإعدادات!$B$16,MAX(0,R14+N(W14))/الإعدادات!$B$15)) | T14: =IF(OR(F14="",N(F14)=0),"",(N(K14)+S14)/F14) | U14: =IF(C14="","",IF(AND(C14>=الإعدادات!$B$12,C14<=الإعدادات!$B$13),"نعم","لا")) | V14: =IF(F14="","",IF(U14="لا","مرفوض - السن",IF(N(K14)/F14>الإعدادات!$B$11,"مرفوض - DBR",IF(N(L14)>الإعدادات!$B$14,"مراجعة - Facilities",IF(T14>الإعدادات!$B$11,"مقبول - قلّل الليميت","مقبول"))))) | X14: =IF(F14="","",IF(LEFT(V14,5)="مرفوض",0,MAX(0,R14+N(W14))))
A15: 11 | N15: =IF(F15="","",F15*الإعدادات!$B$4) | O15: =IF(F15="","",IF(E15="High",الإعدادات!$B$5,IF(E15="Medium",الإعدادات!$B$6,الإعدادات!$B$7))) | P15: =IF(F15="","",IF(AND(G15="نعم",N(H15)>=الإعدادات!$B$8),الإعدادات!$B$9,0)) | Q15: =IF(F15="","",IF(I15="نعم",الإعدادات!$B$10,0)) | R15: =IF(F15="","",N15+O15+P15+Q15) | S15: =IF(F15="","",IF(M15="Credit Card",MAX(0,R15+N(W15))*الإعدادات!$B$16,MAX(0,R15+N(W15))/الإعدادات!$B$15)) | T15: =IF(OR(F15="",N(F15)=0),"",(N(K15)+S15)/F15) | U15: =IF(C15="","",IF(AND(C15>=الإعدادات!$B$12,C15<=الإعدادات!$B$13),"نعم","لا")) | V15: =IF(F15="","",IF(U15="لا","مرفوض - السن",IF(N(K15)/F15>الإعدادات!$B$11,"مرفوض - DBR",IF(N(L15)>الإعدادات!$B$14,"مراجعة - Facilities",IF(T15>الإعدادات!$B$11,"مقبول - قلّل الليميت","مقبول"))))) | X15: =IF(F15="","",IF(LEFT(V15,5)="مرفوض",0,MAX(0,R15+N(W15))))
A16: 12 | N16: =IF(F16="","",F16*الإعدادات!$B$4) | O16: =IF(F16="","",IF(E16="High",الإعدادات!$B$5,IF(E16="Medium",الإعدادات!$B$6,الإعدادات!$B$7))) | P16: =IF(F16="","",IF(AND(G16="نعم",N(H16)>=الإعدادات!$B$8),الإعدادات!$B$9,0)) | Q16: =IF(F16="","",IF(I16="نعم",الإعدادات!$B$10,0)) | R16: =IF(F16="","",N16+O16+P16+Q16) | S16: =IF(F16="","",IF(M16="Credit Card",MAX(0,R16+N(W16))*الإعدادات!$B$16,MAX(0,R16+N(W16))/الإعدادات!$B$15)) | T16: =IF(OR(F16="",N(F16)=0),"",(N(K16)+S16)/F16) | U16: =IF(C16="","",IF(AND(C16>=الإعدادات!$B$12,C16<=الإعدادات!$B$13),"نعم","لا")) | V16: =IF(F16="","",IF(U16="لا","مرفوض - السن",IF(N(K16)/F16>الإعدادات!$B$11,"مرفوض - DBR",IF(N(L16)>الإعدادات!$B$14,"مراجعة - Facilities",IF(T16>الإعدادات!$B$11,"مقبول - قلّل الليميت","مقبول"))))) | X16: =IF(F16="","",IF(LEFT(V16,5)="مرفوض",0,MAX(0,R16+N(W16))))
A17: 13 | N17: =IF(F17="","",F17*الإعدادات!$B$4) | O17: =IF(F17="","",IF(E17="High",الإعدادات!$B$5,IF(E17="Medium",الإعدادات!$B$6,الإعدادات!$B$7))) | P17: =IF(F17="","",IF(AND(G17="نعم",N(H17)>=الإعدادات!$B$8),الإعدادات!$B$9,0)) | Q17: =IF(F17="","",IF(I17="نعم",الإعدادات!$B$10,0)) | R17: =IF(F17="","",N17+O17+P17+Q17) | S17: =IF(F17="","",IF(M17="Credit Card",MAX(0,R17+N(W17))*الإعدادات!$B$16,MAX(0,R17+N(W17))/الإعدادات!$B$15)) | T17: =IF(OR(F17="",N(F17)=0),"",(N(K17)+S17)/F17) | U17: =IF(C17="","",IF(AND(C17>=الإعدادات!$B$12,C17<=الإعدادات!$B$13),"نعم","لا")) | V17: =IF(F17="","",IF(U17="لا","مرفوض - السن",IF(N(K17)/F17>الإعدادات!$B$11,"مرفوض - DBR",IF(N(L17)>الإعدادات!$B$14,"مراجعة - Facilities",IF(T17>الإعدادات!$B$11,"مقبول - قلّل الليميت","مقبول"))))) | X17: =IF(F17="","",IF(LEFT(V17,5)="مرفوض",0,MAX(0,R17+N(W17))))
A18: 14 | N18: =IF(F18="","",F18*الإعدادات!$B$4) | O18: =IF(F18="","",IF(E18="High",الإعدادات!$B$5,IF(E18="Medium",الإعدادات!$B$6,الإعدادات!$B$7))) | P18: =IF(F18="","",IF(AND(G18="نعم",N(H18)>=الإعدادات!$B$8),الإعدادات!$B$9,0)) | Q18: =IF(F18="","",IF(I18="نعم",الإعدادات!$B$10,0)) | R18: =IF(F18="","",N18+O18+P18+Q18) | S18: =IF(F18="","",IF(M18="Credit Card",MAX(0,R18+N(W18))*الإعدادات!$B$16,MAX(0,R18+N(W18))/الإعدادات!$B$15)) | T18: =IF(OR(F18="",N(F18)=0),"",(N(K18)+S18)/F18) | U18: =IF(C18="","",IF(AND(C18>=الإعدادات!$B$12,C18<=الإعدادات!$B$13),"نعم","لا")) | V18: =IF(F18="","",IF(U18="لا","مرفوض - السن",IF(N(K18)/F18>الإعدادات!$B$11,"مرفوض - DBR",IF(N(L18)>الإعدادات!$B$14,"مراجعة - Facilities",IF(T18>الإعدادات!$B$11,"مقبول - قلّل الليميت","مقبول"))))) | X18: =IF(F18="","",IF(LEFT(V18,5)="مرفوض",0,MAX(0,R18+N(W18))))
A19: 15 | N19: =IF(F19="","",F19*الإعدادات!$B$4) | O19: =IF(F19="","",IF(E19="High",الإعدادات!$B$5,IF(E19="Medium",الإعدادات!$B$6,الإعدادات!$B$7))) | P19: =IF(F19="","",IF(AND(G19="نعم",N(H19)>=الإعدادات!$B$8),الإعدادات!$B$9,0)) | Q19: =IF(F19="","",IF(I19="نعم",الإعدادات!$B$10,0)) | R19: =IF(F19="","",N19+O19+P19+Q19) | S19: =IF(F19="","",IF(M19="Credit Card",MAX(0,R19+N(W19))*الإعدادات!$B$16,MAX(0,R19+N(W19))/الإعدادات!$B$15)) | T19: =IF(OR(F19="",N(F19)=0),"",(N(K19)+S19)/F19) | U19: =IF(C19="","",IF(AND(C19>=الإعدادات!$B$12,C19<=الإعدادات!$B$13),"نعم","لا")) | V19: =IF(F19="","",IF(U19="لا","مرفوض - السن",IF(N(K19)/F19>الإعدادات!$B$11,"مرفوض - DBR",IF(N(L19)>الإعدادات!$B$14,"مراجعة - Facilities",IF(T19>الإعدادات!$B$11,"مقبول - قلّل الليميت","مقبول"))))) | X19: =IF(F19="","",IF(LEFT(V19,5)="مرفوض",0,MAX(0,R19+N(W19))))
... A54: 50 | N54: =IF(F54="","",F54*الإعدادات!$B$4) | O54: =IF(F54="","",IF(E54="High",الإعدادات!$B$5,IF(E54="Medium",الإعدادات!$B$6,الإعدادات!$B$7))) | P54: =IF(F54="","",IF(AND(G54="نعم",N(H54)>=الإعدادات!$B$8),الإعدادات!$B$9,0)) | Q54: =IF(F54="","",IF(I54="نعم",الإعدادات!$B$10,0)) | R54: =IF(F54="","",N54+O54+P54+Q54) | S54: =IF(F54="","",IF(M54="Credit Card",MAX(0,R54+N(W54))*الإعدادات!$B$16,MAX(0,R54+N(W54))/الإعدادات!$B$15)) | T54: =IF(OR(F54="",N(F54)=0),"",(N(K54)+S54)/F54) | U54: =IF(C54="","",IF(AND(C54>=الإعدادات!$B$12,C54<=الإعدادات!$B$13),"نعم","لا")) | V54: =IF(F54="","",IF(U54="لا","مرفوض - السن",IF(N(K54)/F54>الإعدادات!$B$11,"مرفوض - DBR",IF(N(L54)>الإعدادات!$B$14,"مراجعة - Facilities",IF(T54>الإعدادات!$B$11,"مقبول - قلّل الليميت","مقبول"))))) | X54: =IF(F54="","",IF(LEFT(V54,5)="مرفوض",0,MAX(0,R54+N(W54))))

Sheet الإعدادات
A1: إعدادات حساب الليميت (غيّر الخانات الصفراء بس)
A3: البند | B3: القيمة | C3: ملاحظة | D3: البروفايل | E3: نعم/لا | F3: نوع الـ Facility
A4: مضاعف المرتب (الليميت الأساسي = المرتب × المضاعف) | B4: 5 | C4: الليميت الأساسي قبل أي زيادات | D4: High | E4: نعم | F4: Loan
A5: زيادة البروفايل High | B5: 20000 | C5: وظيفة High تزوّد 20,000 | D5: Medium | E5: لا | F5: Credit Card
A6: زيادة البروفايل Medium | B6: 10000 | C6: وظيفة Medium تزوّد 10,000 | D6: Low
A7: زيادة البروفايل Low | B7: 0 | C7: Low الليميت يفضل زي ما هو
A8: سنة موديل العربية المقبولة (من وطالع) | B8: 2021 | C8: عربية 2021 وما فوق بس اللي تزوّد
A9: زيادة العربية | B9: 20000
A10: زيادة النادي | B10: 20000
A11: أقصى نسبة أقساط من المرتب (DBR) | B11: 0.5 | C11: إجمالي الأقساط مايعديش 50%
A12: أقل سن | B12: 21
A13: أكبر سن | B13: 60
A14: أقصى عدد facilities | B14: 4 | C14: أكتر من كده = مراجعة
A15: مدة القسط بالشهور (للقرض) | B15: 60 | C15: لحساب القسط الشهري للقرض الجديد
A16: نسبة القسط الشهري للكريدت كارد من الليميت | B16: 0.05 | C16: الحد الأدنى للسداد الشهري
